Date and Start Time,Show Name,Description
2026-09-29 18:00,Frontline - S2026E09 Scammed,"FRONTLINE traces the road to war with Iran, the U.S. and Israeli roles, and the stakes for the region. From filmmakers James Jacoby and Anya Bourg, the documentary examines Israeli Prime Minister Benjamin Netanyahu's long campaign to defeat Iran, his relations with the U.S. over peace and the regime's nuclear ambitions. This updated version of the documentary previously aired on July 29, 2025."
2026-09-29 21:00,Slow Horses - S06E03 Resurrection,Ex–Slow Horses return to the fold as assassins close in. Taverner faces the fallout of her TV interview.
2026-09-30 19:00,South Park - S29E02 Billionaire Weenietown,Butters is unhappy with the data centers that the billionaires are building in our backyards.
2026-10-01 00:00,East of Eden (2026) - S01E01 TBA,
2026-10-01 00:00,East of Eden (2026) - S01E02 TBA,
2026-10-01 00:00,East of Eden (2026) - S01E03 TBA,
2026-10-01 00:00,East of Eden (2026) - S01E04 TBA,
2026-10-01 00:00,East of Eden (2026) - S01E05 TBA,
2026-10-01 00:00,East of Eden (2026) - S01E06 TBA,
2026-10-01 00:00,East of Eden (2026) - S01E07 TBA,
2026-10-01 12:00,The Celebrity Traitors - S02E01 Episode 1,"Claudia Winkleman welcomes a brand new group of celebrities as they arrive at a beautiful castle in the Scottish Highlands to play the ultimate reality game of detection, back-stabbing and trust."
2026-10-01 13:00,Taskmaster - S22E05 You're Nice,"Isy Suttie unexpectedly mentions eggs, Matt Lucas stares hard at the ceiling, Nina Conti gets very clever in a test, Chloe Petts hides an object somewhere Alex Horne wouldn't dare look, and Richard Ayoade gives the slight impression that he finds some of the tasks a bit irritating. But why is Greg Davies wearing a white glove?"
2026-10-01 13:15,The Celebrity Traitors: Uncloaked - S02E01 Episode 1,Ed Gamble and guests unpack all the drama from episode 1 of the second series of The Celebrity Traitors.
2026-10-02 00:00,MobLand - S02E03 Bonzo Goes to Bitburg,"Maeve probes Conrad for secrets, positioning herself against threats old and new. As Frankie forces a high-stakes sit-down, Kevin and Harry game out their strategy."
2026-10-02 12:00,The Celebrity Traitors - S02E02 Episode 2,"As the ultimate reality game of detection, treachery and trust continues, the Traitors complete their line-up, and the celebrities have to dig deep in the mission."
2026-10-02 13:15,The Celebrity Traitors: Uncloaked - S02E02 Episode 2,"Ed Gamble is joined by any banished and murdered Players as he reveals the identity of the Traitors to them for the very first time.

Expect plenty of gasps, laughs and shocked reactions as they discover who’s been deceiving them."
2026-10-02 14:30,The Graham Norton Show - S34E02 Episode 2,"Sylvester Stallone, Catherine Zeta-Jones, Andrew Garfield and 50 Cent join Graham on his sofa. With music from Blossoms."
2026-10-03 20:30,Saturday Night Live - S52E02 Dakota Johnson / Turnstile,"Dakota Johnson hosts, and Turnstile performs."
2026-10-04 17:00,The Simpsons - S38E02 Diary of a Chimpy Kid,"Bart and Lisa adopt an abandoned baby chimp and clash over their surprisingly different parenting styles. When the chimp is abducted by a private wild animal zoo, the family goes on a mission to rescue him. Homer is conflicted about saving the ape, because he's convinced the chimp will tear off his face and groin."
2026-10-04 18:00,Lanterns - S01E08 Dirt and Stars,
2026-10-04 23:30,Taskmaster (NZ) - S07E07 TBA,TBA
2026-10-05 19:00,It's Always Sunny in Philadelphia - S18E09 Frank's Team: A Dark Day for Baseball,"In an effort to clean up their image, Paddy's sponsors a local Little League team. But when The Gang spots softness in their franchise, they impose a radical new culture: win no matter what and do whatever it takes to get ahead."
2026-10-05 23:30,Taskmaster (NZ) - S07E08 TBA,TBA
2026-10-06 18:00,Frontline - S2026E10 TBA,TBA
2026-10-06 21:00,Slow Horses - S06E04 Lost & Found,"Lamb tries figuring out who Frank is working for. Sid, River, and Coe do everything to evade the hit squad."
2026-10-08 12:00,The Celebrity Traitors - S02E03 Episode 3,
2026-10-08 13:00,Taskmaster - S22E06 TBA,
2026-10-08 13:15,The Celebrity Traitors: Uncloaked - S02E03 Episode 3,
2026-10-09 00:00,MobLand - S02E04 Blank Curtain,"The Harrigans reel from an unexpected turn of events, triggering Harry to do damage control before police scrutiny closes in. Maeve's unseen hand moves Eddie out of London as Seraphina makes a new alliance and Conrad re-asserts his dominance."
2026-10-09 12:00,The Celebrity Traitors - S02E04 Episode 4,
2026-10-09 13:15,The Celebrity Traitors: Uncloaked - S02E04 Episode 4,
2026-10-09 14:30,The Graham Norton Show - S34E03 Episode 3,"Olivia Colman, Alexander Skarsgård, Penélope Cruz and Bill Murray join Graham on his sofa. With music from Orville Peck."
2026-10-10 20:30,Saturday Night Live - S52E03 Shane Gillis / Rosalía,"Shane Gillis hosts, and Rosalía performs."
2026-10-11 23:30,Taskmaster (NZ) - S07E09 TBA,TBA
2026-10-12 19:00,It's Always Sunny in Philadelphia - S18E10 The Guys Have a Sleepover,"Blinded from LASIK surgery, Dee pleads for the guys to spend the night to keep her safe from neighborhood crime, but they listen to the wolves inside themselves and opt for a dudes-only sleepover of their own."
2026-10-12 23:30,Taskmaster (NZ) - S07E10 TBA,TBA
2026-10-13 18:00,Frontline - S2026E11 TBA,TBA
2026-10-13 21:00,Slow Horses - S06E05 Sayonara,River goes after Sid. Lamb sets his sights on Cantor. Taverner carries on with a treacherous deal.
2026-10-13 21:00,VisionQuest - S01E01 TBA,
2026-10-14 18:00,The Lowdown (2025) - S02E01 The Rupidoop,Lee's acceptance speech for Citizen Journalist of the Year leaves quite an impression.
2026-10-14 19:00,South Park - S29E03 TBA,
2026-10-15 12:00,The Celebrity Traitors - S02E05 Episode 5,
2026-10-15 13:00,Taskmaster - S22E07 TBA,
2026-10-15 13:15,The Celebrity Traitors: Uncloaked - S02E05 Episode 5,
2026-10-16 00:00,MobLand - S02E05 Birdland,
2026-10-16 12:00,The Celebrity Traitors - S02E06 Episode 6,
2026-10-16 13:15,The Celebrity Traitors: Uncloaked - S02E06 Episode 6,
2026-10-18 17:00,The Simpsons - S38E03 The Kosmic Kruiser,Bart and Lisa are trapped in an abandoned immersive theme park experience.
2026-10-20 21:00,Slow Horses - S06E06 Judgement Day,The safe house becomes unsafe as Lamb and Taverner finally join forces.
2026-10-21 18:00,The Lowdown (2025) - S02E02 Whiskey Bent and Hell Bound,Chili spills the beans.
2026-10-22 12:00,The Celebrity Traitors - S02E07 Episode 7,
2026-10-22 13:00,Taskmaster - S22E08 TBA,
2026-10-22 13:15,The Celebrity Traitors: Uncloaked - S02E07 Episode 7,
2026-10-23 00:00,MobLand - S02E06 A Different Corner,
2026-10-23 12:00,The Celebrity Traitors - S02E08 Episode 8,
2026-10-23 13:15,The Celebrity Traitors: Uncloaked - S02E08 Episode 8,
2026-10-25 17:00,The Simpsons - S38E04 Treehouse of Horror XXXVII,
2026-10-28 18:00,The Lowdown (2025) - S02E03 TBA,
2026-10-28 19:00,South Park - S29E04 TBA,
2026-10-29 13:00,The Celebrity Traitors - S02E09 Episode 9,
2026-10-29 14:00,Taskmaster - S22E09 TBA,
2026-10-29 14:15,The Celebrity Traitors: Uncloaked - S02E09 Episode 9,
2026-10-29 21:00,Nocturne - S01E01 TBA,
2026-10-30 00:00,MobLand - S02E07 TBA,
2026-10-30 13:00,The Celebrity Traitors - S02E10 Episode 10,
2026-10-30 14:15,The Celebrity Traitors: Uncloaked - S02E10 Episode 10,
2026-10-31 20:30,Saturday Night Live - S52E04 Inde Navarrette / Gracie Abrams,"Inde Navarrette hosts, and Gracie Abrams performs."
2026-11-01 18:00,The Simpsons - S38E05 Testing 1-2-3,
2026-11-04 19:00,The Lowdown (2025) - S02E04 TBA,
2026-11-05 02:00,Black Doves - S02E01 TBA,
2026-11-05 02:00,Black Doves - S02E02 TBA,
2026-11-05 02:00,Black Doves - S02E03 TBA,
2026-11-05 02:00,Black Doves - S02E04 TBA,
2026-11-05 02:00,Black Doves - S02E05 TBA,
2026-11-05 02:00,Black Doves - S02E06 TBA,
2026-11-05 14:00,Taskmaster - S22E10 TBA,
2026-11-06 01:00,MobLand - S02E08 TBA,
2026-11-07 21:30,Saturday Night Live - S52E05 TBA,
2026-11-11 19:00,The Lowdown (2025) - S02E05 TBA,
2026-11-11 20:00,South Park - S29E05 TBA,
2026-11-13 01:00,MobLand - S02E09 TBA,
2026-11-14 21:30,Saturday Night Live - S52E06 TBA,
2026-11-18 19:00,The Lowdown (2025) - S02E06 TBA,
2026-11-20 01:00,MobLand - S02E10 TBA,
2026-11-25 01:00,Blade Runner 2099 - S01E01 TBA,
2026-11-25 01:00,Blade Runner 2099 - S01E02 TBA,
2026-11-25 01:00,Blade Runner 2099 - S01E03 TBA,
2026-11-25 01:00,Blade Runner 2099 - S01E04 TBA,
2026-11-25 01:00,Blade Runner 2099 - S01E05 TBA,
2026-11-25 01:00,Blade Runner 2099 - S01E06 TBA,
2026-11-25 01:00,Blade Runner 2099 - S01E07 TBA,
2026-11-25 01:00,Blade Runner 2099 - S01E08 TBA,
2026-11-25 19:00,The Lowdown (2025) - S02E07 TBA,
2026-11-25 20:00,South Park - S29E06 TBA,
2026-12-02 19:00,The Lowdown (2025) - S02E08 TBA,
2026-12-05 21:30,Saturday Night Live - S52E07 TBA,
2026-12-12 21:30,Saturday Night Live - S52E08 TBA,
2026-12-19 21:30,Saturday Night Live - S52E09 TBA,
2027-01-20 19:00,Ahsoka - S02E01 TBA,
2027-01-21 22:00,Neuromancer - S01E01 Chiba City Blues,
2027-01-21 22:00,Neuromancer - S01E02 TBA,
2027-01-28 22:00,Neuromancer - S01E03 TBA,
2027-02-04 22:00,Neuromancer - S01E04 TBA,
2027-02-11 22:00,Neuromancer - S01E05 TBA,
2027-02-18 22:00,Neuromancer - S01E06 TBA,
2027-02-25 22:00,Neuromancer - S01E07 TBA,
2027-03-04 22:00,Neuromancer - S01E08 TBA,
2027-03-11 22:00,Neuromancer - S01E09 TBA,
2027-03-18 21:00,Neuromancer - S01E10 TBA,
